# orderNumber,productCode,quantityOrdered,priceEach,orderLineNumber
10100,S18_1749,30,136,3
10100,S18_2248,50,55.09,2
10100,S18_4409,22,75.46,4
10100,S24_3969,49,35.29,1
10101,S18_2325,25,108.06,4
10101,S18_2795,26,167.06,1
10101,S24_1937,45,32.53,3
10101,S24_2022,46,44.35,2
10102,S18_1342,39,95.55,2
10102,S18_1367,41,43.13,1
10103,S10_1949,26,214.3,11
10103,S10_4962,42,119.67,4
10103,S12_1666,27,121.64,8
10103,S18_1097,35,94.5,10
10103,S18_2432,22,58.34,2
10103,S18_2949,27,92.19,12
10103,S18_2957,35,61.84,14
10103,S18_3136,25,86.92,13
10103,S18_3320,46,86.31,16
10103,S18_4600,36,98.07,5
10103,S18_4668,41,40.75,9
10103,S24_2300,36,107.34,1
10103,S24_4258,25,88.62,15
10103,S32_1268,31,92.46,3
10103,S32_3522,45,63.35,7
10103,S700_2824,42,94.07,6
10104,S12_3148,34,131.44,1
10104,S12_4473,41,111.39,9
10104,S18_2238,24,135.9,8
10104,S18_2319,29,122.73,12
10104,S18_3232,23,165.95,13
10104,S18_4027,38,119.2,3
10104,S24_1444,35,52.02,6
10104,S24_2840,44,30.41,10
10104,S24_4048,26,106.45,5
10104,S32_2509,35,51.95,11
10104,S32_3207,49,56.55,4
10104,S50_1392,33,114.59,7
10104,S50_1514,32,53.31,2
10105,S10_4757,50,127.84,2
10105,S12_1108,41,205.72,15
10105,S12_3891,29,141.88,14
10105,S18_3140,22,136.59,11
10105,S18_3259,38,87.73,13
10105,S18_4522,41,75.48,10
10105,S24_2011,43,117.97,9
10105,S24_3151,44,73.46,4
10105,S24_3816,50,75.47,1
10105,S700_1138,41,54,5
10105,S700_1938,29,86.61,12
10105,S700_2610,31,60.72,3
10105,S700_3505,39,92.16,6
10105,S700_3962,22,99.31,7
10105,S72_3212,25,44.77,8
10106,S18_1662,36,134.04,12
10106,S18_2581,34,81.1,2
10106,S18_3029,41,80.86,18
10106,S18_3856,41,94.22,17
10106,S24_1785,28,107.23,4
10106,S24_2841,49,65.77,13
10106,S24_3420,31,55.89,14
10106,S24_3949,50,55.96,11
10106,S24_4278,26,71,3
10106,S32_4289,33,65.35,5
10106,S50_1341,39,35.78,6
10106,S700_1691,31,91.34,7
10106,S700_2047,30,85.09,16
10106,S700_2466,34,99.72,9
10106,S700_2834,32,113.9,1
10106,S700_3167,44,76,8
10106,S700_4002,48,70.33,10
10106,S72_1253,48,43.7,15
10107,S10_1678,30,81.35,2
10107,S10_2016,39,105.86,5
10107,S10_4698,27,172.36,4
10107,S12_2823,21,122,1
10107,S18_2625,29,52.7,6
10107,S24_1578,25,96.92,3
10107,S24_2000,38,73.12,7
10107,S32_1374,20,88.9,8
10108,S12_1099,33,165.38,6
10108,S12_3380,45,96.3,4
10108,S12_3990,39,75.81,7
10108,S12_4675,36,107.1,3
10108,S18_1889,38,67.76,2
10108,S18_3278,26,73.17,9
10108,S18_3482,29,132.29,8
10108,S18_3782,43,52.84,12
10108,S18_4721,44,139.87,11
10108,S24_2360,35,64.41,15
10108,S24_3371,30,60.01,5
10108,S24_3856,40,132,1
10108,S24_4620,31,67.1,10
10108,S32_2206,27,36.21,13
10108,S32_4485,31,87.76,16
10108,S50_4713,34,74.85,14
10109,S18_1129,26,117.48,4
10109,S18_1984,38,137.98,3
10109,S18_2870,26,126.72,1
10109,S18_3232,46,160.87,5
10109,S18_3685,47,125.74,2
10109,S24_2972,29,32.1,6
10110,S18_1589,37,118.22,16
10110,S18_1749,42,153,7
10110,S18_2248,32,51.46,6
10110,S18_2325,33,115.69,4
10110,S18_2795,31,163.69,1
10110,S18_4409,28,81.91,8
10110,S18_4933,42,62,9
10110,S24_1046,36,72.02,13
10110,S24_1628,29,43.27,15
10110,S24_1937,20,28.88,3
10110,S24_2022,39,40.77,2
10110,S24_2766,43,82.69,11
10110,S24_2887,46,112.74,10
10110,S24_3191,27,80.47,12
10110,S24_3432,37,96.37,14
10110,S24_3969,48,35.29,5
10111,S18_1342,33,87.33,6
10111,S18_1367,48,48.52,5
10111,S18_2957,28,53.09,2
10111,S18_3136,43,94.25,1
10111,S18_3320,39,91.27,4
10111,S24_4258,26,85.7,3
10112,S10_1949,29,197.16,1
10112,S18_2949,23,85.1,2
10113,S12_1666,21,121.64,2
10113,S18_1097,49,101.5,4
10113,S18_4668,50,43.27,3
10113,S32_3522,23,58.82,1
10114,S10_4962,31,128.53,8
10114,S18_2319,39,106.78,3
10114,S18_2432,45,53.48,6
10114,S18_3232,48,169.34,4
10114,S18_4600,41,105.34,9
10114,S24_2300,21,102.23,5
10114,S24_2840,24,28.64,1
10114,S32_1268,32,88.61,7
10114,S32_2509,28,43.83,2
10114,S700_2824,42,82.94,10
10115,S12_4473,46,111.39,5
10115,S18_2238,46,140.81,4
10115,S24_1444,47,56.64,2
10115,S24_4048,44,106.45,1
10115,S50_1392,27,100.7,3
10116,S32_3207,27,60.28,1
10117,S12_1108,33,195.33,9
10117,S12_3148,43,148.06,10
10117,S12_3891,39,173.02,8
10117,S18_3140,26,121.57,5
10117,S18_3259,21,81.68,7
10117,S18_4027,22,122.08,12
10117,S18_4522,23,73.73,4
10117,S24_2011,41,119.2,3
10117,S50_1514,21,55.65,11
10117,S700_1938,38,75.35,6
10117,S700_3962,45,89.38,1
10117,S72_3212,50,52.42,2
10118,S700_3505,36,86.15,1
10119,S10_4757,46,112.88,11
10119,S18_1662,43,151.38,3
10119,S18_3029,21,74.84,9
10119,S18_3856,27,95.28,8
10119,S24_2841,41,64.4,4
10119,S24_3151,35,72.58,13
10119,S24_3420,20,63.12,5
10119,S24_3816,35,82.18,10
10119,S24_3949,28,62.1,2
10119,S700_1138,25,57.34,14
10119,S700_2047,29,74.23,7
10119,S700_2610,38,67.22,12
10119,S700_4002,26,63.67,1
10119,S72_1253,28,40.22,6
10120,S10_2016,29,118.94,3
10120,S10_4698,46,158.8,2
10120,S18_2581,29,82.79,8
10120,S18_2625,46,57.54,4
10120,S24_1578,35,110.45,1
10120,S24_1785,39,93.01,10
10120,S24_2000,34,72.36,5
10120,S24_4278,29,71.73,9
10120,S32_1374,22,94.9,6
10120,S32_4289,29,68.79,11
10120,S50_1341,49,41.46,12
10120,S700_1691,47,91.34,13
10120,S700_2466,24,81.77,15
10120,S700_2834,24,106.79,7
10120,S700_3167,43,72,14
10121,S10_1678,34,86.13,5
10121,S12_2823,50,126.52,4
10121,S24_2360,32,58.18,2
10121,S32_4485,25,95.93,3
10121,S50_4713,44,72.41,1
10122,S12_1099,42,155.66,10
10122,S12_3380,37,113.92,8
10122,S12_3990,32,65.44,11
10122,S12_4675,20,104.8,7
10122,S18_1129,34,114.65,2
10122,S18_1889,43,62.37,6
10122,S18_1984,31,113.8,1
10122,S18_3232,25,137.17,3
10122,S18_3278,21,69.15,13
10122,S18_3482,21,133.76,12
10122,S18_3782,35,59.06,16
10122,S18_4721,28,145.82,15
10122,S24_2972,39,34.74,4
10122,S24_3371,34,50.82,9
10122,S24_3856,43,136.22,5
10122,S24_4620,29,67.1,14
10122,S32_2206,31,33.79,17
10123,S18_1589,26,120.71,2
10123,S18_2870,46,114.84,3
10123,S18_3685,34,117.26,4
10123,S24_1628,50,43.27,1
10124,S18_1749,21,153,6
10124,S18_2248,42,58.12,5
10124,S18_2325,42,111.87,3
10124,S18_4409,36,75.46,7
10124,S18_4933,23,66.28,8
10124,S24_1046,22,62.47,12
10124,S24_1937,45,30.53,2
10124,S24_2022,22,36.29,1
10124,S24_2766,32,74.51,10
10124,S24_2887,25,93.95,9
10124,S24_3191,49,76.19,11
10124,S24_3432,43,101.73,13
10124,S24_3969,46,36.11,4
10125,S18_1342,32,89.38,1
10125,S18_2795,34,138.38,2
10126,S10_1949,38,205.73,11
10126,S10_4962,22,122.62,4
10126,S12_1666,21,135.3,8
10126,S18_1097,38,116.67,10
10126,S18_1367,42,51.21,17
10126,S18_2432,43,51.05,2
10126,S18_2949,31,93.21,12
10126,S18_2957,46,61.84,14
10126,S18_3136,30,93.2,13
10126,S18_3320,38,94.25,16
10126,S18_4600,50,102.92,5
10126,S18_4668,43,47.29,9
10126,S24_2300,27,122.68,1
10126,S24_4258,34,83.76,15
10126,S32_1268,43,82.83,3
10126,S32_3522,26,62.05,7
10126,S700_2824,45,97.1,6
10127,S12_1108,46,193.25,2
10127,S12_3148,46,140.5,3
10127,S12_3891,42,169.56,1
10127,S12_4473,24,100.73,11
10127,S18_2238,45,140.81,10
10127,S18_2319,45,114.14,14
10127,S18_3232,22,149.02,15
10127,S18_4027,25,126.39,5
10127,S24_1444,20,50.86,8
10127,S24_2840,39,34.3,12
10127,S24_4048,20,107.63,7
10127,S32_2509,45,46.53,13
10127,S32_3207,29,60.9,6
10127,S50_1392,46,111.12,9
10127,S50_1514,46,55.65,4
10128,S18_3140,41,120.2,2
10128,S18_3259,41,80.67,4
10128,S18_4522,43,77.24,1
10128,S700_1938,32,72.75,3
10129,S10_4757,33,123.76,2
10129,S24_2011,45,113.06,9
10129,S24_3151,41,81.43,4
10129,S24_3816,50,76.31,1
10129,S700_1138,31,58.67,5
10129,S700_2610,45,72.28,3
10129,S700_3505,42,90.15,6
10129,S700_3962,30,94.34,7
10129,S72_3212,32,44.23,8
10130,S18_3029,40,68.82,2
10130,S18_3856,33,99.52,1
10131,S18_1662,21,141.92,4
10131,S24_2841,35,60.97,5
10131,S24_3420,29,52.6,6
10131,S24_3949,50,54.59,3
10131,S700_2047,22,76.94,8
10131,S700_2466,40,86.76,1
10131,S700_4002,26,63.67,2
10131,S72_1253,21,40.22,7
10132,S700_3167,36,80,1
10133,S18_2581,49,80.26,3
10133,S24_1785,41,109.42,5
10133,S24_4278,46,61.58,4
10133,S32_1374,23,80.91,1
10133,S32_4289,49,67.41,6
10133,S50_1341,27,37.09,7
10133,S700_1691,24,76.73,8
10133,S700_2834,27,115.09,2
10134,S10_1678,41,90.92,2
10134,S10_2016,27,116.56,5
10134,S10_4698,31,187.85,4
10134,S12_2823,20,131.04,1
10134,S18_2625,30,51.48,6
10134,S24_1578,35,94.67,3
10134,S24_2000,43,75.41,7
10135,S12_1099,42,173.17,7
10135,S12_3380,48,110.39,5
10135,S12_3990,24,72.62,8
10135,S12_4675,29,103.64,4
10135,S18_1889,48,66.99,3
10135,S18_3278,45,65.94,10
10135,S18_3482,42,139.64,9
10135,S18_3782,45,49.74,13
10135,S18_4721,31,133.92,12
10135,S24_2360,29,67.18,16
10135,S24_2972,20,34.36,1
10135,S24_3371,27,52.05,6
10135,S24_3856,47,139.03,2
10135,S24_4620,23,76.8,11
10135,S32_2206,33,38.62,14
10135,S32_4485,30,91.85,17
10135,S50_4713,44,78.92,15
10136,S18_1129,25,117.48,2
10136,S18_1984,36,120.91,1
10136,S18_3232,41,169.34,3
10137,S18_1589,44,115.73,2
10137,S18_2870,37,110.88,3
10137,S18_3685,31,118.68,4
10137,S24_1628,26,40.25,1
10138,S18_1749,33,149.6,6
10138,S18_2248,22,51.46,5
10138,S18_2325,38,114.42,3
10138,S18_4409,47,79.15,7
10138,S18_4933,23,64.86,8
10138,S24_1046,45,59.53,12
10138,S24_1937,22,33.19,2
10138,S24_2022,33,38.53,1
10138,S24_2766,28,73.6,10
10138,S24_2887,30,96.3,9
10138,S24_3191,49,77.05,11
10138,S24_3432,21,99.58,13
10138,S24_3969,29,32.82,4
10139,S18_1342,31,89.38,7
10139,S18_1367,49,52.83,6
10139,S18_2795,41,151.88,8
10139,S18_2949,46,91.18,1
10139,S18_2957,20,52.47,3
10139,S18_3136,20,101.58,2
10139,S18_3320,30,81.35,5
10139,S24_4258,29,93.49,4
10140,S10_1949,37,186.44,11
10140,S10_4962,26,131.49,4
10140,S12_1666,38,118.9,8
10140,S18_1097,32,95.67,10
10140,S18_2432,46,51.05,2
10140,S18_4600,40,100.5,5
10140,S18_4668,29,40.25,9
10140,S24_2300,47,118.84,1
10140,S32_1268,26,87.64,3
10140,S32_3522,28,62.05,7
10140,S700_2824,36,101.15,6
10141,S12_4473,21,114.95,5
10141,S18_2238,39,160.46,4
10141,S18_2319,47,103.09,8
10141,S18_3232,34,143.94,9
10141,S24_1444,20,50.86,2
10141,S24_2840,21,32.18,6
10141,S24_4048,40,104.09,1
10141,S32_2509,24,53.03,7
10141,S50_1392,44,94.92,3
10142,S12_1108,33,166.24,12
10142,S12_3148,33,140.5,13
10142,S12_3891,46,167.83,11
10142,S18_3140,47,129.76,8
10142,S18_3259,22,95.8,10
10142,S18_4027,24,122.08,15
10142,S18_4522,24,79.87,7
10142,S24_2011,33,114.29,6
10142,S24_3151,49,74.35,1
10142,S32_3207,42,60.9,16
10142,S50_1514,42,56.24,14
10142,S700_1138,41,55.34,2
10142,S700_1938,43,77.08,9
10142,S700_3505,21,92.16,3
10142,S700_3962,38,91.37,4
10142,S72_3212,39,46.96,5
10143,S10_4757,49,133.28,15
10143,S18_1662,32,126.15,7
10143,S18_3029,46,70.54,13
10143,S18_3856,34,99.52,12
10143,S24_2841,27,63.71,8
10143,S24_3420,33,59.83,9
10143,S24_3816,23,74.64,14
10143,S24_3949,28,55.96,6
10143,S50_1341,34,34.91,1
10143,S700_1691,36,86.77,2
10143,S700_2047,26,87.8,11
10143,S700_2466,26,79.78,4
10143,S700_2610,31,69.39,16
10143,S700_3167,28,70.4,3
10143,S700_4002,34,65.15,5
10143,S72_1253,37,49.66,10
10144,S32_4289,20,56.41,1
10145,S10_1678,45,76.56,6
10145,S10_2016,37,104.67,9
10145,S10_4698,33,154.93,8
10145,S12_2823,49,146.1,5
10145,S18_2581,30,71.81,14
10145,S18_2625,30,52.7,10
10145,S24_1578,43,103.68,7
10145,S24_1785,40,87.54,16
10145,S24_2000,47,63.98,11
10145,S24_2360,27,56.1,3
10145,S24_4278,33,71.73,15
10145,S32_1374,33,99.89,12
10145,S32_2206,31,39.43,1
10145,S32_4485,27,95.93,4
10145,S50_4713,38,73.22,2
10145,S700_2834,20,113.9,13
10146,S18_3782,47,60.3,2
10146,S18_4721,29,130.94,1
10147,S12_1099,48,161.49,7
10147,S12_3380,31,110.39,5
10147,S12_3990,21,74.21,8
10147,S12_4675,33,97.89,4
10147,S18_1889,26,70.84,3
10147,S18_3278,36,74.78,10
10147,S18_3482,37,129.35,9
10147,S24_2972,25,33.23,1
10147,S24_3371,30,48.98,6
10147,S24_3856,23,123.58,2
10147,S24_4620,31,72.76,11
10148,S18_1129,23,114.65,13
10148,S18_1589,47,108.26,9
10148,S18_1984,25,136.56,12
10148,S18_2870,27,113.52,10
10148,S18_3232,32,143.94,14
10148,S18_3685,28,135.63,11
10148,S18_4409,34,83.75,1
10148,S18_4933,29,66.28,2
10148,S24_1046,25,65.41,6
10148,S24_1628,47,46.29,8
10148,S24_2766,21,77.24,4
10148,S24_2887,34,115.09,3
10148,S24_3191,31,71.91,5
10148,S24_3432,27,96.37,7
10149,S18_1342,50,87.33,4
10149,S18_1367,30,48.52,3
10149,S18_1749,34,156.4,11
10149,S18_2248,24,50.85,10
10149,S18_2325,33,125.86,8
10149,S18_2795,23,167.06,5
10149,S18_3320,42,89.29,2
10149,S24_1937,36,31.2,7
10149,S24_2022,49,39.87,6
10149,S24_3969,26,38.57,9
10149,S24_4258,20,90.57,1
10150,S10_1949,45,182.16,8
10150,S10_4962,20,121.15,1
10150,S12_1666,30,135.3,5
10150,S18_1097,34,95.67,7
10150,S18_2949,47,93.21,9
10150,S18_2957,30,56.21,11
10150,S18_3136,26,97.39,10
10150,S18_4600,49,111.39,2
10150,S18_4668,30,47.29,6
10150,S32_3522,49,62.05,4
10150,S700_2824,20,95.08,3
10151,S12_4473,24,114.95,3
10151,S18_2238,43,152.27,2
10151,S18_2319,49,106.78,6
10151,S18_2432,39,58.34,9
10151,S18_3232,21,167.65,7
10151,S24_2300,42,109.9,8
10151,S24_2840,30,29.35,4
10151,S32_1268,27,84.75,10
10151,S32_2509,41,43.29,5
10151,S50_1392,26,108.81,1
10152,S18_4027,35,117.77,1
10152,S24_1444,25,49.13,4
10152,S24_4048,23,112.37,3
10152,S32_3207,33,57.17,2
10153,S12_1108,20,201.57,11
10153,S12_3148,42,128.42,12
10153,S12_3891,49,155.72,10
10153,S18_3140,31,125.66,7
10153,S18_3259,29,82.69,9
10153,S18_4522,22,82.5,6
10153,S24_2011,40,111.83,5
10153,S50_1514,31,53.31,13
10153,S700_1138,43,58,1
10153,S700_1938,31,80.55,8
10153,S700_3505,50,87.15,2
10153,S700_3962,20,85.41,3
10153,S72_3212,50,51.87,4
10154,S24_3151,31,75.23,2
10154,S700_2610,36,59.27,1
10155,S10_4757,32,129.2,13
10155,S18_1662,38,138.77,5
10155,S18_3029,44,83.44,11
10155,S18_3856,29,105.87,10
10155,S24_2841,23,62.34,6
10155,S24_3420,34,56.55,7
10155,S24_3816,37,76.31,12
10155,S24_3949,44,58.69,4
10155,S700_2047,32,89.61,9
10155,S700_2466,20,87.75,2
10155,S700_3167,43,76.8,1
10155,S700_4002,44,70.33,3
10155,S72_1253,34,49.16,8
10156,S50_1341,20,43.64,1
10156,S700_1691,48,77.64,2
10157,S18_2581,33,69.27,3
10157,S24_1785,40,89.72,5
10157,S24_4278,33,66.65,4
10157,S32_1374,34,83.91,1
10157,S32_4289,28,56.41,6
10157,S700_2834,48,109.16,2
10158,S24_2000,22,67.79,1
10159,S10_1678,49,81.35,14
10159,S10_2016,37,101.1,17
10159,S10_4698,22,170.42,16
10159,S12_1099,41,188.73,2
10159,S12_2823,38,131.04,13
10159,S12_3990,24,67.03,3
10159,S18_2625,42,51.48,18
10159,S18_3278,21,66.74,5
10159,S18_3482,25,129.35,4
10159,S18_3782,21,54.71,8
10159,S18_4721,32,142.85,7
10159,S24_1578,44,100.3,15
10159,S24_2360,27,67.18,11
10159,S24_3371,50,49.6,1
10159,S24_4620,23,80.84,6
10159,S32_2206,35,39.43,9
10159,S32_4485,23,86.74,12
10159,S50_4713,31,78.11,10
10160,S12_3380,46,96.3,6
10160,S12_4675,50,93.28,5
10160,S18_1889,38,70.84,4
10160,S18_3232,20,140.55,1
10160,S24_2972,42,30.59,2
10160,S24_3856,35,130.6,3
10161,S18_1129,28,121.72,12
10161,S18_1589,43,102.04,8
10161,S18_1984,48,139.41,11
10161,S18_2870,23,125.4,9
10161,S18_3685,36,132.8,10
10161,S18_4933,25,62.72,1
10161,S24_1046,37,73.49,5
10161,S24_1628,23,47.29,7
10161,S24_2766,20,82.69,3
10161,S24_2887,25,108.04,2
10161,S24_3191,20,72.77,4
10161,S24_3432,30,94.23,6
10162,S18_1342,48,87.33,2
10162,S18_1367,45,45.28,1
10162,S18_1749,29,141.1,9
10162,S18_2248,27,53.28,8
10162,S18_2325,38,113.15,6
10162,S18_2795,48,156.94,3
10162,S18_4409,39,86.51,10
10162,S24_1937,37,27.55,5
10162,S24_2022,43,38.98,4
10162,S24_3969,37,32.82,7
10163,S10_1949,21,212.16,1
10163,S18_2949,31,101.31,2
10163,S18_2957,48,59.96,4
10163,S18_3136,40,101.58,3
10163,S18_3320,43,80.36,6
10163,S24_4258,42,96.42,5
10164,S10_4962,21,143.31,2
10164,S12_1666,49,121.64,6
10164,S18_1097,36,103.84,8
10164,S18_4600,45,107.76,3
10164,S18_4668,25,46.29,7
10164,S32_1268,24,91.49,1
10164,S32_3522,49,57.53,5
10164,S700_2824,39,86.99,4
10165,S12_1108,44,168.32,3
10165,S12_3148,34,123.89,4
10165,S12_3891,27,152.26,2
10165,S12_4473,48,109.02,12
10165,S18_2238,29,134.26,11
10165,S18_2319,46,120.28,15
10165,S18_2432,31,60.77,18
10165,S18_3232,47,154.1,16
10165,S18_3259,50,84.71,1
10165,S18_4027,28,123.51,6
10165,S24_1444,25,46.82,9
10165,S24_2300,32,117.57,17
10165,S24_2840,27,31.12,13
10165,S24_4048,24,106.45,8
10165,S32_2509,48,50.86,14
10165,S32_3207,44,55.3,7
10165,S50_1392,48,106.49,10
10165,S50_1514,38,49.21,5
10166,S18_3140,43,136.59,2
10166,S18_4522,26,72.85,1
10166,S700_1938,29,76.22,3
10167,S10_4757,44,123.76,9
10167,S18_1662,43,141.92,1
10167,S18_3029,46,69.68,7
10167,S18_3856,34,84.7,6
10167,S24_2011,33,110.6,16
10167,S24_2841,21,54.81,2
10167,S24_3151,20,77,11
10167,S24_3420,32,64.44,3
10167,S24_3816,29,73.8,8
10167,S700_1138,43,66,12
10167,S700_2047,29,87.8,5
10167,S700_2610,46,62.16,10
10167,S700_3505,24,85.14,13
10167,S700_3962,28,83.42,14
10167,S72_1253,40,42.71,4
10167,S72_3212,38,43.68,15
10168,S10_1678,36,94.74,1
10168,S10_2016,27,97.53,4
10168,S10_4698,20,160.74,3
10168,S18_2581,21,75.19,9
10168,S18_2625,46,49.06,5
10168,S24_1578,50,103.68,2
10168,S24_1785,49,93.01,11
10168,S24_2000,29,72.36,6
10168,S24_3949,27,57.32,18
10168,S24_4278,48,68.1,10
10168,S32_1374,28,89.9,7
10168,S32_4289,31,57.78,12
10168,S50_1341,48,39.71,13
10168,S700_1691,28,91.34,14
10168,S700_2466,31,87.75,16
10168,S700_2834,36,94.92,8
10168,S700_3167,48,72,15
10168,S700_4002,39,67.37,17
10169,S12_1099,30,163.44,2
10169,S12_2823,35,126.52,13
10169,S12_3990,36,71.82,3
10169,S18_3278,32,65.13,5
10169,S18_3482,36,136.7,4
10169,S18_3782,38,52.84,8
10169,S18_4721,33,120.53,7
10169,S24_2360,38,66.49,11
10169,S24_3371,34,53.27,1
10169,S24_4620,24,77.61,6
10169,S32_2206,26,37.01,9
10169,S32_4485,34,83.68,12
10169,S50_4713,48,75.66,10
10170,S12_3380,47,116.27,4
10170,S12_4675,41,93.28,3
10170,S18_1889,20,70.07,2
10170,S24_3856,34,130.6,1
10171,S18_1129,35,134.46,2
10171,S18_1984,35,128.03,1
10171,S18_3232,39,165.95,3
10171,S24_2972,36,34.74,4
10172,S18_1589,42,109.51,6
10172,S18_2870,39,117.48,7
10172,S18_3685,48,139.87,8
10172,S24_1046,32,61,3
10172,S24_1628,34,43.27,5
10172,S24_2766,22,79.97,1
10172,S24_3191,24,77.91,2
10172,S24_3432,22,87.81,4
10173,S18_1342,43,101.71,6
10173,S18_1367,48,51.75,5
10173,S18_1749,24,168.3,13
10173,S18_2248,26,55.09,12
10173,S18_2325,31,127.13,10
10173,S18_2795,22,140.06,7
10173,S18_2957,28,56.84,2
10173,S18_3136,31,86.92,1
10173,S18_3320,29,90.28,4
10173,S18_4409,21,77.31,14
10173,S18_4933,39,58.44,15
10173,S24_1937,31,29.87,9
10173,S24_2022,27,39.42,8
10173,S24_2887,23,98.65,16
10173,S24_3969,35,35.7,11
10173,S24_4258,22,93.49,3
10174,S10_1949,34,207.87,4
10174,S12_1666,43,113.44,1
10174,S18_1097,48,108.5,3
10174,S18_2949,46,100.3,5
10174,S18_4668,49,44.27,2
10175,S10_4962,33,119.67,9
10175,S12_4473,26,109.02,1
10175,S18_2319,48,101.87,4
10175,S18_2432,41,59.55,7
10175,S18_3232,29,150.71,5
10175,S18_4600,47,102.92,10
10175,S24_2300,28,121.4,6
10175,S24_2840,37,32.18,2
10175,S32_1268,22,89.57,8
10175,S32_2509,50,50.86,3
10175,S32_3522,29,56.24,12
10175,S700_2824,42,80.92,11
10176,S12_1108,33,166.24,2
10176,S12_3148,47,145.04,3
10176,S12_3891,50,160.91,1
10176,S18_2238,20,139.17,10
10176,S18_4027,36,140.75,5
10176,S24_1444,27,55.49,8
10176,S24_4048,29,101.72,7
10176,S32_3207,22,62.14,6
10176,S50_1392,23,109.96,9
10176,S50_1514,38,52.14,4
10177,S18_3140,23,113.37,9
10177,S18_3259,29,92.77,11
10177,S18_4522,35,82.5,8
10177,S24_2011,50,115.52,7
10177,S24_3151,45,79.66,2
10177,S700_1138,24,58.67,3
10177,S700_1938,31,77.95,10
10177,S700_2610,32,64.33,1
10177,S700_3505,44,88.15,4
10177,S700_3962,24,83.42,5
10177,S72_3212,40,52.96,6
10178,S10_4757,24,131.92,12
10178,S18_1662,42,127.73,4
10178,S18_3029,41,70.54,10
10178,S18_3856,48,104.81,9
10178,S24_2841,34,67.82,5
10178,S24_3420,27,65.75,6
10178,S24_3816,21,68.77,11
10178,S24_3949,30,64.15,3
10178,S700_2047,34,86.9,8
10178,S700_2466,22,91.74,1
10178,S700_4002,45,68.11,2
10178,S72_1253,45,41.71,7
10179,S18_2581,24,82.79,3
10179,S24_1785,47,105.04,5
10179,S24_4278,27,66.65,4
10179,S32_1374,45,86.9,1
10179,S32_4289,24,63.97,6
10179,S50_1341,34,43.2,7
10179,S700_1691,23,75.81,8
10179,S700_2834,25,98.48,2
10179,S700_3167,39,80,9
10180,S10_1678,29,76.56,9
10180,S10_2016,42,99.91,12
10180,S10_4698,41,164.61,11
10180,S12_2823,40,131.04,8
10180,S18_2625,25,48.46,13
10180,S18_3782,21,59.06,3
10180,S18_4721,44,147.31,2
10180,S24_1578,48,98.05,10
10180,S24_2000,28,61.7,14
10180,S24_2360,35,60.95,6
10180,S24_4620,28,68.71,1
10180,S32_2206,34,33.39,4
10180,S32_4485,22,102.05,7
10180,S50_4713,21,74.85,5
10181,S12_1099,27,155.66,14
10181,S12_3380,28,113.92,12
10181,S12_3990,20,67.03,15
10181,S12_4675,36,107.1,11
10181,S18_1129,44,124.56,6
10181,S18_1589,42,124.44,2
10181,S18_1889,22,74.69,10
10181,S18_1984,21,129.45,5
10181,S18_2870,27,130.68,3
10181,S18_3232,45,147.33,7
10181,S18_3278,30,73.17,17
10181,S18_3482,22,120.53,16
10181,S18_3685,39,137.04,4
10181,S24_1628,34,45.28,1
10181,S24_2972,37,32.85,8
10181,S24_3371,23,54.49,13
10181,S24_3856,25,122.17,9
10182,S18_1342,25,83.22,3
10182,S18_1367,32,44.21,2
10182,S18_1749,44,159.8,10
10182,S18_2248,38,54.49,9
10182,S18_2325,20,105.52,7
10182,S18_2795,21,135,4
10182,S18_3320,33,86.31,1
10182,S18_4409,36,88.35,11
10182,S18_4933,44,61.29,12
10182,S24_1046,47,63.2,16
10182,S24_1937,39,31.86,6
10182,S24_2022,31,39.87,5
10182,S24_2766,36,87.24,14
10182,S24_2887,20,116.27,13
10182,S24_3191,33,73.62,15
10182,S24_3432,49,95.3,17
10182,S24_3969,23,34.88,8
10183,S10_1949,23,180.01,8
10183,S10_4962,28,127.06,1
10183,S12_1666,41,114.8,5
10183,S18_1097,21,108.5,7
10183,S18_2949,37,91.18,9
10183,S18_2957,39,51.22,11
10183,S18_3136,22,90.06,10
10183,S18_4600,21,118.66,2
10183,S18_4668,40,42.26,6
10183,S24_4258,47,81.81,12
10183,S32_3522,49,52.36,4
10183,S700_2824,23,85.98,3
10184,S12_4473,37,105.47,6
10184,S18_2238,46,145.72,5
10184,S18_2319,46,119.05,9
10184,S18_2432,44,60.77,12
10184,S18_3232,28,165.95,10
10184,S24_1444,31,57.22,3
10184,S24_2300,24,117.57,11
10184,S24_2840,42,30.06,7
10184,S24_4048,49,114.73,2
10184,S32_1268,46,84.75,13
10184,S32_2509,33,52.49,8
10184,S32_3207,48,59.03,1
10184,S50_1392,45,92.6,4
10185,S12_1108,21,195.33,13
10185,S12_3148,33,146.55,14
10185,S12_3891,43,147.07,12
10185,S18_3140,28,124.3,9
10185,S18_3259,49,94.79,11
10185,S18_4027,39,127.82,16
10185,S18_4522,47,87.77,8
10185,S24_2011,30,105.69,7
10185,S24_3151,33,83.2,2
10185,S50_1514,20,46.86,15
10185,S700_1138,21,64.67,3
10185,S700_1938,30,79.68,10
10185,S700_2610,39,61.44,1
10185,S700_3505,37,99.17,4
10185,S700_3962,22,93.35,5
10185,S72_3212,28,47.5,6
10186,S10_4757,26,108.8,9
10186,S18_1662,32,137.19,1
10186,S18_3029,32,73.12,7
10186,S18_3856,46,98.46,6
10186,S24_2841,22,60.29,2
10186,S24_3420,21,59.83,3
10186,S24_3816,36,68.77,8
10186,S700_2047,24,80.56,5
10186,S72_1253,28,42.71,4
10187,S18_2581,45,70.12,1
10187,S24_1785,46,96.29,3
10187,S24_3949,43,55.96,10
10187,S24_4278,33,64.48,2
10187,S32_4289,31,61.22,4
10187,S50_1341,41,39.71,5
10187,S700_1691,34,84.95,6
10187,S700_2466,44,95.73,8
10187,S700_3167,34,72,7
10187,S700_4002,44,70.33,9
10188,S10_1678,48,95.7,1
10188,S10_2016,38,111.8,4
10188,S10_4698,45,182.04,3
10188,S18_2625,32,52.09,5
10188,S24_1578,25,95.8,2
10188,S24_2000,40,61.7,6
10188,S32_1374,44,81.91,7
10188,S700_2834,29,96.11,8
10189,S12_2823,28,138.57,1
10190,S24_2360,42,58.87,3
10190,S32_2206,46,38.62,1
10190,S32_4485,42,89.8,4
10190,S50_4713,40,67.53,2
10191,S12_1099,21,155.66,3
10191,S12_3380,40,104.52,1
10191,S12_3990,30,70.22,4
10191,S18_3278,36,75.59,6
10191,S18_3482,23,119.06,5
10191,S18_3782,43,60.93,9
10191,S18_4721,32,136.9,8
10191,S24_3371,48,53.27,2
10191,S24_4620,44,77.61,7
10192,S12_4675,27,99.04,16
10192,S18_1129,22,140.12,11
10192,S18_1589,29,100.8,7
10192,S18_1889,45,70.84,15
10192,S18_1984,47,128.03,10
10192,S18_2870,38,110.88,8
10192,S18_3232,26,137.17,12
10192,S18_3685,45,125.74,9
10192,S24_1046,37,72.02,4
10192,S24_1628,47,49.3,6
10192,S24_2766,46,86.33,2
10192,S24_2887,23,112.74,1
10192,S24_2972,30,33.23,13
10192,S24_3191,32,69.34,3
10192,S24_3432,46,93.16,5
10192,S24_3856,45,112.34,14
10193,S18_1342,28,92.47,7
10193,S18_1367,46,46.36,6
10193,S18_1749,21,153,14
10193,S18_2248,42,60.54,13
10193,S18_2325,44,115.69,11
10193,S18_2795,22,143.44,8
10193,S18_2949,28,87.13,1
10193,S18_2957,24,53.09,3
10193,S18_3136,23,97.39,2
10193,S18_3320,32,79.37,5
10193,S18_4409,24,92.03,15
10193,S18_4933,25,66.28,16
10193,S24_1937,26,32.19,10
10193,S24_2022,20,44.8,9
10193,S24_3969,22,38.16,12
10193,S24_4258,20,92.52,4
10194,S10_1949,42,203.59,11
10194,S10_4962,26,134.44,4
10194,S12_1666,38,124.37,8
10194,S18_1097,21,103.84,10
10194,S18_2432,45,51.05,2
10194,S18_4600,32,113.82,5
10194,S18_4668,41,47.79,9
10194,S24_2300,49,112.46,1
10194,S32_1268,37,77.05,3
10194,S32_3522,39,61.41,7
10194,S700_2824,26,80.92,6
10195,S12_4473,49,118.5,6
10195,S18_2238,27,139.17,5
10195,S18_2319,35,112.91,9
10195,S18_3232,50,150.71,10
10195,S24_1444,44,54.33,3
10195,S24_2840,32,31.82,7
10195,S24_4048,34,95.81,2
10195,S32_2509,32,51.95,8
10195,S32_3207,33,59.03,1
10195,S50_1392,49,97.23,4
10196,S12_1108,47,203.64,5
10196,S12_3148,24,151.08,6
10196,S12_3891,38,147.07,4
10196,S18_3140,49,127.03,1
10196,S18_3259,35,81.68,3
10196,S18_4027,27,126.39,8
10196,S50_1514,46,56.82,7
10196,S700_1938,50,84.88,2
10197,S10_4757,45,118.32,6
10197,S18_3029,46,83.44,4
10197,S18_3856,22,85.75,3
10197,S18_4522,50,78.99,14
10197,S24_2011,41,109.37,13
10197,S24_3151,47,83.2,8
10197,S24_3816,22,67.93,5
10197,S700_1138,23,60,9
10197,S700_2047,24,78.75,2
10197,S700_2610,50,66.5,7
10197,S700_3505,27,100.17,10
10197,S700_3962,35,88.39,11
10197,S72_1253,29,39.73,1
10197,S72_3212,42,48.59,12
10198,S18_1662,42,149.81,4
10198,S24_2841,48,60.97,5
10198,S24_3420,27,61.81,6
10198,S24_3949,43,65.51,3
10198,S700_2466,42,94.73,1
10198,S700_4002,40,74.03,2
10199,S50_1341,29,37.97,1
10199,S700_1691,48,81.29,2
10199,S700_3167,38,70.4,3
10200,S18_2581,28,74.34,3
10200,S24_1785,33,99.57,5
10200,S24_4278,39,70.28,4
10200,S32_1374,35,80.91,1
10200,S32_4289,27,65.35,6
10200,S700_2834,39,115.09,2
10201,S10_1678,22,82.3,2
10201,S10_2016,24,116.56,5
10201,S10_4698,49,191.72,4
10201,S12_2823,25,126.52,1
10201,S18_2625,30,48.46,6
10201,S24_1578,39,93.54,3
10201,S24_2000,25,66.27,7
10202,S18_3782,30,55.33,3
10202,S18_4721,43,124.99,2
10202,S24_2360,50,56.1,6
10202,S24_4620,50,75.18,1
10202,S32_2206,27,33.39,4
10202,S32_4485,31,81.64,7
10202,S50_4713,40,79.73,5
10203,S12_1099,20,161.49,8
10203,S12_3380,20,111.57,6
10203,S12_3990,44,63.84,9
10203,S12_4675,47,115.16,5
10203,S18_1889,45,73.15,4
10203,S18_3232,48,157.49,1
10203,S18_3278,33,66.74,11
10203,S18_3482,32,127.88,10
10203,S24_2972,21,33.23,2
10203,S24_3371,34,56.94,7
10203,S24_3856,47,140.43,3
10204,S18_1129,42,114.65,17
10204,S18_1589,40,113.24,13
10204,S18_1749,33,153,4
10204,S18_1984,38,133.72,16
10204,S18_2248,23,59.33,3
10204,S18_2325,26,119.5,1
10204,S18_2870,27,106.92,14
10204,S18_3685,35,132.8,15
10204,S18_4409,29,83.75,5
10204,S18_4933,45,69.84,6
10204,S24_1046,20,69.82,10
10204,S24_1628,45,46.79,12
10204,S24_2766,47,79.06,8
10204,S24_2887,42,112.74,7
10204,S24_3191,40,84.75,9
10204,S24_3432,48,104.94,11
10204,S24_3969,39,34.88,2
10205,S18_1342,36,98.63,2
10205,S18_1367,48,45.82,1
10205,S18_2795,40,138.38,3
10205,S24_1937,32,27.88,5
10205,S24_2022,24,36.74,4
10206,S10_1949,47,203.59,6
10206,S12_1666,28,109.34,3
10206,S18_1097,34,115.5,5
10206,S18_2949,37,98.27,7
10206,S18_2957,28,51.84,9
10206,S18_3136,30,102.63,8
10206,S18_3320,28,99.21,11
10206,S18_4668,21,45.78,4
10206,S24_4258,33,95.44,10
10206,S32_3522,36,54.94,2
10206,S700_2824,33,89.01,1
10207,S10_4962,31,125.58,15
10207,S12_4473,34,95.99,7
10207,S18_2238,44,140.81,6
10207,S18_2319,43,109.23,10
10207,S18_2432,37,60.77,13
10207,S18_3232,25,140.55,11
10207,S18_4027,40,143.62,1
10207,S18_4600,47,119.87,16
10207,S24_1444,49,57.8,4
10207,S24_2300,46,127.79,12
10207,S24_2840,42,30.76,8
10207,S24_4048,28,108.82,3
10207,S32_1268,49,84.75,14
10207,S32_2509,27,51.95,9
10207,S32_3207,45,55.3,2
10207,S50_1392,28,106.49,5
10208,S12_1108,46,176.63,13
10208,S12_3148,26,128.42,14
10208,S12_3891,20,152.26,12
10208,S18_3140,24,117.47,9
10208,S18_3259,48,96.81,11
10208,S18_4522,45,72.85,8
10208,S24_2011,35,122.89,7
10208,S24_3151,20,80.54,2
10208,S50_1514,30,57.99,15
10208,S700_1138,38,56.67,3
10208,S700_1938,40,73.62,10
10208,S700_2610,46,63.61,1
10208,S700_3505,37,95.16,4
10208,S700_3962,33,95.34,5
10208,S72_3212,42,48.05,6
10209,S10_4757,39,129.2,8
10209,S18_3029,28,82.58,6
10209,S18_3856,20,97.4,5
10209,S24_2841,43,66.45,1
10209,S24_3420,36,56.55,2
10209,S24_3816,22,79.67,7
10209,S700_2047,33,90.52,4
10209,S72_1253,48,44.2,3
10210,S10_2016,23,112.99,2
10210,S10_4698,34,189.79,1
10210,S18_1662,31,141.92,17
10210,S18_2581,50,68.43,7
10210,S18_2625,40,51.48,3
10210,S24_1785,27,100.67,9
10210,S24_2000,30,63.22,4
10210,S24_3949,29,56.64,16
10210,S24_4278,40,68.1,8
10210,S32_1374,46,84.91,5
10210,S32_4289,39,57.1,10
10210,S50_1341,43,43.2,11
10210,S700_1691,21,87.69,12
10210,S700_2466,26,93.74,14
10210,S700_2834,25,98.48,6
10210,S700_3167,31,64,13
10210,S700_4002,42,60.7,15
10211,S10_1678,41,90.92,14
10211,S12_1099,41,171.22,2
10211,S12_2823,36,126.52,13
10211,S12_3990,28,79.8,3
10211,S18_3278,35,73.17,5
10211,S18_3482,28,138.17,4
10211,S18_3782,46,60.3,8
10211,S18_4721,41,148.8,7
10211,S24_1578,25,109.32,15
10211,S24_2360,21,62.33,11
10211,S24_3371,48,52.66,1
10211,S24_4620,22,80.84,6
10211,S32_2206,41,39.83,9
10211,S32_4485,37,94.91,12
10211,S50_4713,40,70.78,10
10212,S12_3380,39,99.82,16
10212,S12_4675,33,110.55,15
10212,S18_1129,29,117.48,10
10212,S18_1589,38,105.77,6
10212,S18_1889,20,64.68,14
10212,S18_1984,41,133.72,9
10212,S18_2870,40,117.48,7
10212,S18_3232,40,155.79,11
10212,S18_3685,45,115.85,8
10212,S24_1046,41,61.73,3
10212,S24_1628,45,43.27,5
10212,S24_2766,45,81.78,1
10212,S24_2972,34,37.38,12
10212,S24_3191,27,77.91,2
10212,S24_3432,46,100.66,4
10212,S24_3856,49,117.96,13
10213,S18_4409,38,84.67,1
10213,S18_4933,25,58.44,2
10213,S24_2887,27,97.48,3
10214,S18_1749,30,166.6,7
10214,S18_2248,21,53.28,6
10214,S18_2325,27,125.86,4
10214,S18_2795,50,167.06,1
10214,S24_1937,20,32.19,3
10214,S24_2022,49,39.87,2
10214,S24_3969,44,38.57,5
10215,S10_1949,35,205.73,3
10215,S18_1097,46,100.34,2
10215,S18_1342,27,92.47,10
10215,S18_1367,33,53.91,9
10215,S18_2949,49,97.26,4
10215,S18_2957,31,56.21,6
10215,S18_3136,49,89.01,5
10215,S18_3320,41,84.33,8
10215,S18_4668,46,42.76,1
10215,S24_4258,39,94.47,7
10216,S12_1666,43,133.94,1
10217,S10_4962,48,132.97,4
10217,S18_2432,35,58.34,2
10217,S18_4600,38,118.66,5
10217,S24_2300,28,103.51,1
10217,S32_1268,21,78.97,3
10217,S32_3522,39,56.24,7
10217,S700_2824,31,90.02,6
10218,S18_2319,22,110.46,1
10218,S18_3232,34,152.41,2
10219,S12_4473,48,94.8,2
10219,S18_2238,43,132.62,1
10219,S24_2840,21,31.12,3
10219,S32_2509,35,47.62,4
10220,S12_1108,32,189.1,2
10220,S12_3148,30,151.08,3
10220,S12_3891,27,166.1,1
10220,S18_4027,50,126.39,5
10220,S24_1444,26,48.55,8
10220,S24_4048,37,101.72,7
10220,S32_3207,20,49.71,6
10220,S50_1392,37,92.6,9
10220,S50_1514,30,56.82,4
10221,S18_3140,33,133.86,3
10221,S18_3259,23,89.75,5
10221,S18_4522,39,84.26,2
10221,S24_2011,49,113.06,1
10221,S700_1938,23,69.29,4
10222,S10_4757,49,133.28,12
10222,S18_1662,49,137.19,4
10222,S18_3029,49,79.14,10
10222,S18_3856,45,88.93,9
10222,S24_2841,32,56.86,5
10222,S24_3151,47,74.35,14
10222,S24_3420,43,61.15,6
10222,S24_3816,46,77.99,11
10222,S24_3949,48,55.27,3
10222,S700_1138,31,58.67,15
10222,S700_2047,26,80.56,8
10222,S700_2466,37,90.75,1
10222,S700_2610,36,69.39,13
10222,S700_3505,38,84.14,16
10222,S700_3962,31,81.43,17
10222,S700_4002,43,66.63,2
10222,S72_1253,31,45.19,7
10222,S72_3212,36,48.59,18
10223,S10_1678,37,80.39,1
10223,S10_2016,47,110.61,4
10223,S10_4698,49,189.79,3
10223,S18_2581,47,67.58,9
10223,S18_2625,28,58.75,5
10223,S24_1578,32,104.81,2
10223,S24_1785,34,87.54,11
10223,S24_2000,38,60.94,6
10223,S24_4278,23,68.1,10
10223,S32_1374,21,90.9,7
10223,S32_4289,20,66.73,12
10223,S50_1341,41,41.02,13
10223,S700_1691,25,84.03,14
10223,S700_2834,29,113.9,8
10223,S700_3167,26,79.2,15
10224,S12_2823,43,141.58,6
10224,S18_3782,38,57.2,1
10224,S24_2360,37,60.26,4
10224,S32_2206,43,37.01,2
10224,S32_4485,30,94.91,5
10224,S50_4713,50,81.36,3
10225,S12_1099,27,157.6,9
10225,S12_3380,25,101,7
10225,S12_3990,37,64.64,10
10225,S12_4675,21,100.19,6
10225,S18_1129,32,116.06,1
10225,S18_1889,47,71.61,5
10225,S18_3232,43,162.57,2
10225,S18_3278,37,69.96,12
10225,S18_3482,27,119.06,11
10225,S18_4721,35,135.41,14
10225,S24_2972,42,34.74,3
10225,S24_3371,24,51.43,8
10225,S24_3856,40,130.6,4
10225,S24_4620,46,77.61,13
10226,S18_1589,38,108.26,4
10226,S18_1984,24,129.45,7
10226,S18_2870,24,125.4,5
10226,S18_3685,46,122.91,6
10226,S24_1046,21,65.41,1
10226,S24_1628,36,47.79,3
10226,S24_3432,48,95.3,2
10227,S18_1342,25,85.27,3
10227,S18_1367,31,50.14,2
10227,S18_1749,26,136,10
10227,S18_2248,28,59.93,9
10227,S18_2325,46,118.23,7
10227,S18_2795,29,146.81,4
10227,S18_3320,33,99.21,1
10227,S18_4409,34,87.43,11
10227,S18_4933,37,70.56,12
10227,S24_1937,42,27.22,6
10227,S24_2022,24,39.42,5
10227,S24_2766,47,84.51,14
10227,S24_2887,33,102.17,13
10227,S24_3191,40,78.76,15
10227,S24_3969,27,34.88,8
10228,S10_1949,29,214.3,2
10228,S18_1097,32,100.34,1
10228,S18_2949,24,101.31,3
10228,S18_2957,45,57.46,5
10228,S18_3136,31,100.53,4
10228,S24_4258,33,84.73,6
10229,S10_4962,50,138.88,9
10229,S12_1666,25,110.7,13
10229,S12_4473,36,95.99,1
10229,S18_2319,26,104.32,4
10229,S18_2432,28,53.48,7
10229,S18_3232,22,157.49,5
10229,S18_4600,41,119.87,10
10229,S18_4668,39,43.77,14
10229,S24_2300,48,115.01,6
10229,S24_2840,33,34.65,2
10229,S32_1268,25,78.97,8
10229,S32_2509,23,49.78,3
10229,S32_3522,30,52.36,12
10229,S700_2824,50,91.04,11
10230,S12_3148,43,128.42,1
10230,S18_2238,49,153.91,8
10230,S18_4027,42,142.18,3
10230,S24_1444,36,47.4,6
10230,S24_4048,45,99.36,5
10230,S32_3207,46,59.03,4
10230,S50_1392,34,100.7,7
10230,S50_1514,43,57.41,2
10231,S12_1108,42,193.25,2
10231,S12_3891,49,147.07,1
10232,S18_3140,22,133.86,6
10232,S18_3259,48,97.81,8
10232,S18_4522,23,78.12,5
10232,S24_2011,46,113.06,4
10232,S700_1938,26,84.88,7
10232,S700_3505,48,86.15,1
10232,S700_3962,35,81.43,2
10232,S72_3212,24,48.59,3
10233,S24_3151,40,70.81,2
10233,S700_1138,36,66,3
10233,S700_2610,29,67.94,1
10234,S10_4757,48,118.32,9
10234,S18_1662,50,146.65,1
10234,S18_3029,48,84.3,7
10234,S18_3856,39,85.75,6
10234,S24_2841,44,67.14,2
10234,S24_3420,25,65.09,3
10234,S24_3816,31,78.83,8
10234,S700_2047,29,83.28,5
10234,S72_1253,40,45.69,4
10235,S18_2581,24,81.95,3
10235,S24_1785,23,89.72,5
10235,S24_3949,33,55.27,12
10235,S24_4278,40,63.03,4
10235,S32_1374,41,90.9,1
10235,S32_4289,34,66.73,6
10235,S50_1341,41,37.09,7
10235,S700_1691,25,88.6,8
10235,S700_2466,38,92.74,10
10235,S700_2834,25,116.28,2
10235,S700_3167,32,73.6,9
10235,S700_4002,34,70.33,11
10236,S10_2016,22,105.86,1
10236,S18_2625,23,52.7,2
10236,S24_2000,36,65.51,3
10237,S10_1678,23,91.87,7
10237,S10_4698,39,158.8,9
10237,S12_2823,32,129.53,6
10237,S18_3782,26,49.74,1
10237,S24_1578,20,109.32,8
10237,S24_2360,26,62.33,4
10237,S32_2206,26,35,2
10237,S32_4485,27,94.91,5
10237,S50_4713,20,78.92,3
10238,S12_1099,28,161.49,3
10238,S12_3380,29,104.52,1
10238,S12_3990,20,73.42,4
10238,S18_3278,41,68.35,6
10238,S18_3482,49,144.05,5
10238,S18_4721,44,120.53,8
10238,S24_3371,47,53.88,2
10238,S24_4620,22,67.91,7
10239,S12_4675,21,100.19,5
10239,S18_1889,46,70.07,4
10239,S18_3232,47,135.47,1
10239,S24_2972,20,32.47,2
10239,S24_3856,29,133.41,3
10240,S18_1129,41,125.97,3
10240,S18_1984,37,136.56,2
10240,S18_3685,37,134.22,1
10241,S18_1589,21,119.46,11
10241,S18_1749,41,153,2
10241,S18_2248,33,55.7,1
10241,S18_2870,44,126.72,12
10241,S18_4409,42,77.31,3
10241,S18_4933,30,62.72,4
10241,S24_1046,22,72.02,8
10241,S24_1628,21,47.29,10
10241,S24_2766,47,89.05,6
10241,S24_2887,28,117.44,5
10241,S24_3191,26,69.34,7
10241,S24_3432,27,107.08,9
10242,S24_3969,46,36.52,1
10243,S18_2325,47,111.87,2
10243,S24_1937,33,30.87,1
10244,S18_1342,40,99.66,7
10244,S18_1367,20,48.52,6
10244,S18_2795,43,141.75,8
10244,S18_2949,30,87.13,1
10244,S18_2957,24,54.96,3
10244,S18_3136,29,85.87,2
10244,S18_3320,36,87.3,5
10244,S24_2022,39,42.11,9
10244,S24_4258,40,97.39,4
10245,S10_1949,34,195.01,9
10245,S10_4962,28,147.74,2
10245,S12_1666,38,120.27,6
10245,S18_1097,29,114.34,8
10245,S18_4600,21,111.39,3
10245,S18_4668,45,48.8,7
10245,S32_1268,37,81.86,1
10245,S32_3522,44,54.94,5
10245,S700_2824,44,81.93,4
10246,S12_4473,46,99.54,5
10246,S18_2238,40,144.08,4
10246,S18_2319,22,100.64,8
10246,S18_2432,30,57.73,11
10246,S18_3232,36,145.63,9
10246,S24_1444,44,46.24,2
10246,S24_2300,29,118.84,10
10246,S24_2840,49,34.65,6
10246,S24_4048,46,100.54,1
10246,S32_2509,35,45.45,7
10246,S50_1392,22,113.44,3
10247,S12_1108,44,195.33,2
10247,S12_3148,25,140.5,3
10247,S12_3891,27,167.83,1
10247,S18_4027,48,143.62,5
10247,S32_3207,40,58.41,6
10247,S50_1514,49,51.55,4
10248,S10_4757,20,126.48,3
10248,S18_3029,21,80.86,1
10248,S18_3140,32,133.86,12
10248,S18_3259,42,95.8,14
10248,S18_4522,42,87.77,11
10248,S24_2011,48,122.89,10
10248,S24_3151,30,85.85,5
10248,S24_3816,23,83.02,2
10248,S700_1138,36,66,6
10248,S700_1938,40,81.41,13
10248,S700_2610,32,69.39,4
10248,S700_3505,30,84.14,7
10248,S700_3962,35,92.36,8
10248,S72_3212,23,53.51,9
10249,S18_3856,46,88.93,5
10249,S24_2841,20,54.81,1
10249,S24_3420,25,65.75,2
10249,S700_2047,40,85.99,4
10249,S72_1253,32,49.16,3
10250,S18_1662,45,148.23,14
10250,S18_2581,27,84.48,4
10250,S24_1785,31,95.2,6
10250,S24_2000,32,63.22,1
10250,S24_3949,40,61.42,13
10250,S24_4278,37,72.45,5
10250,S32_1374,31,99.89,2
10250,S32_4289,50,62.6,7
10250,S50_1341,36,36.66,8
10250,S700_1691,31,91.34,9
10250,S700_2466,35,90.75,11
10250,S700_2834,44,98.48,3
10250,S700_3167,44,76,10
10250,S700_4002,38,65.89,12
10251,S10_1678,59,93.79,2
10251,S10_2016,44,115.37,5
10251,S10_4698,43,172.36,4
10251,S12_2823,46,129.53,1
10251,S18_2625,44,58.15,6
10251,S24_1578,50,91.29,3
10252,S18_3278,20,74.78,2
10252,S18_3482,41,145.52,1
10252,S18_3782,31,50.36,5
10252,S18_4721,26,127.97,4
10252,S24_2360,47,63.03,8
10252,S24_4620,38,69.52,3
10252,S32_2206,36,36.21,6
10252,S32_4485,25,93.89,9
10252,S50_4713,48,72.41,7
10253,S12_1099,24,157.6,13
10253,S12_3380,22,102.17,11
10253,S12_3990,25,67.03,14
10253,S12_4675,41,109.4,10
10253,S18_1129,26,130.22,5
10253,S18_1589,24,103.29,1
10253,S18_1889,23,67.76,9
10253,S18_1984,33,130.87,4
10253,S18_2870,37,114.84,2
10253,S18_3232,40,145.63,6
10253,S18_3685,31,139.87,3
10253,S24_2972,40,34.74,7
10253,S24_3371,24,50.82,12
10253,S24_3856,39,115.15,8
10254,S18_1749,49,137.7,5
10254,S18_2248,36,55.09,4
10254,S18_2325,41,102.98,2
10254,S18_4409,34,80.99,6
10254,S18_4933,30,59.87,7
10254,S24_1046,34,66.88,11
10254,S24_1628,32,43.27,13
10254,S24_1937,38,28.88,1
10254,S24_2766,31,85.42,9
10254,S24_2887,33,111.57,8
10254,S24_3191,42,69.34,10
10254,S24_3432,49,101.73,12
10254,S24_3969,20,39.8,3
10255,S18_2795,24,135,1
10255,S24_2022,37,37.63,2
10256,S18_1342,34,93.49,2
10256,S18_1367,29,52.83,1
10257,S18_2949,50,92.19,1
10257,S18_2957,49,59.34,3
10257,S18_3136,37,83.78,2
10257,S18_3320,26,91.27,5
10257,S24_4258,46,81.81,4
10258,S10_1949,32,177.87,6
10258,S12_1666,41,133.94,3
10258,S18_1097,41,113.17,5
10258,S18_4668,21,49.81,4
10258,S32_3522,20,62.7,2
10258,S700_2824,45,86.99,1
10259,S10_4962,26,121.15,12
10259,S12_4473,46,117.32,4
10259,S18_2238,30,134.26,3
10259,S18_2319,34,120.28,7
10259,S18_2432,30,59.55,10
10259,S18_3232,27,152.41,8
10259,S18_4600,41,107.76,13
10259,S24_1444,28,46.82,1
10259,S24_2300,47,121.4,9
10259,S24_2840,31,31.47,5
10259,S32_1268,45,95.35,11
10259,S32_2509,40,45.99,6
10259,S50_1392,29,105.33,2
10260,S12_1108,46,180.79,5
10260,S12_3148,30,140.5,6
10260,S12_3891,44,169.56,4
10260,S18_3140,32,121.57,1
10260,S18_3259,29,92.77,3
10260,S18_4027,23,137.88,8
10260,S24_4048,23,117.1,10
10260,S32_3207,27,55.3,9
10260,S50_1514,21,56.24,7
10260,S700_1938,33,80.55,2
10261,S10_4757,27,116.96,1
10261,S18_4522,20,80.75,9
10261,S24_2011,36,105.69,8
10261,S24_3151,22,79.66,3
10261,S700_1138,34,64,4
10261,S700_2610,44,58.55,2
10261,S700_3505,25,89.15,5
10261,S700_3962,50,88.39,6
10261,S72_3212,29,43.68,7
10262,S18_1662,49,157.69,9
10262,S18_3029,32,81.72,15
10262,S18_3856,34,85.75,14
10262,S24_1785,34,98.48,1
10262,S24_2841,24,63.71,10
10262,S24_3420,46,65.75,11
10262,S24_3816,49,82.18,16
10262,S24_3949,48,58.69,8
10262,S32_4289,40,63.97,2
10262,S50_1341,49,35.78,3
10262,S700_1691,40,87.69,4
10262,S700_2047,44,83.28,13
10262,S700_2466,33,81.77,6
10262,S700_3167,27,64.8,5
10262,S700_4002,35,64.41,7
10262,S72_1253,21,41.71,12
10263,S10_1678,34,89,2
10263,S10_2016,40,107.05,5
10263,S10_4698,41,193.66,4
10263,S12_2823,48,123.51,1
10263,S18_2581,33,67.58,10
10263,S18_2625,34,50.27,6
10263,S24_1578,42,109.32,3
10263,S24_2000,37,67.03,7
10263,S24_4278,24,59.41,11
10263,S32_1374,31,93.9,8
10263,S700_2834,47,117.46,9
10264,S18_3782,48,58.44,3
10264,S18_4721,20,124.99,2
10264,S24_2360,37,61.64,6
10264,S24_4620,47,75.18,1
10264,S32_2206,20,39.02,4
10264,S32_4485,34,100.01,7
10264,S50_4713,47,67.53,5
10265,S18_3278,45,74.78,2
10265,S18_3482,49,123.47,1
10266,S12_1099,44,188.73,14
10266,S12_3380,22,110.39,12
10266,S12_3990,35,67.83,15
10266,S12_4675,40,112.86,11
10266,S18_1129,21,131.63,6
10266,S18_1589,36,99.55,2
10266,S18_1889,33,77,10
10266,S18_1984,49,139.41,5
10266,S18_2870,20,113.52,3
10266,S18_3232,29,137.17,7
10266,S18_3685,33,127.15,4
10266,S24_1628,28,40.25,1
10266,S24_2972,34,35.12,8
10266,S24_3371,47,56.33,13
10266,S24_3856,24,119.37,9
10267,S18_4933,36,71.27,1
10267,S24_1046,40,72.02,5
10267,S24_2766,38,76.33,3
10267,S24_2887,43,93.95,2
10267,S24_3191,44,83.9,4
10267,S24_3432,43,98.51,6
10268,S18_1342,49,93.49,3
10268,S18_1367,26,45.82,2
10268,S18_1749,34,164.9,10
10268,S18_2248,31,60.54,9
10268,S18_2325,50,124.59,7
10268,S18_2795,35,148.5,4
10268,S18_3320,39,96.23,1
10268,S18_4409,35,84.67,11
10268,S24_1937,33,31.86,6
10268,S24_2022,40,36.29,5
10268,S24_3969,30,37.75,8
10269,S18_2957,32,57.46,1
10269,S24_4258,48,95.44,2
10270,S10_1949,21,171.44,9
10270,S10_4962,32,124.1,2
10270,S12_1666,28,135.3,6
10270,S18_1097,43,94.5,8
10270,S18_2949,31,81.05,10
10270,S18_3136,38,85.87,11
10270,S18_4600,38,107.76,3
10270,S18_4668,44,40.25,7
10270,S32_1268,32,93.42,1
10270,S32_3522,21,52.36,5
10270,S700_2824,46,101.15,4
10271,S12_4473,31,99.54,5
10271,S18_2238,50,147.36,4
10271,S18_2319,50,121.5,8
10271,S18_2432,25,59.55,11
10271,S18_3232,20,169.34,9
10271,S24_1444,45,49.71,2
10271,S24_2300,43,122.68,10
10271,S24_2840,38,28.64,6
10271,S24_4048,22,110,1
10271,S32_2509,35,51.95,7
10271,S50_1392,34,93.76,3
10272,S12_1108,35,187.02,2
10272,S12_3148,27,123.89,3
10272,S12_3891,39,148.8,1
10272,S18_4027,25,126.39,5
10272,S32_3207,45,56.55,6
10272,S50_1514,43,53.89,4
10273,S10_4757,30,136,4
10273,S18_3029,34,84.3,2
10273,S18_3140,40,117.47,13
10273,S18_3259,47,87.73,15
10273,S18_3856,50,105.87,1
10273,S18_4522,33,72.85,12
10273,S24_2011,22,103.23,11
10273,S24_3151,27,84.08,6
10273,S24_3816,48,83.86,3
10273,S700_1138,21,66,7
10273,S700_1938,21,77.95,14
10273,S700_2610,42,57.82,5
10273,S700_3505,40,91.15,8
10273,S700_3962,26,89.38,9
10273,S72_3212,37,51.32,10
10274,S18_1662,41,129.31,1
10274,S24_2841,40,56.86,2
10274,S24_3420,24,65.09,3
10274,S700_2047,24,75.13,5
10274,S72_1253,32,49.66,4
10275,S10_1678,45,81.35,1
10275,S10_2016,22,115.37,4
10275,S10_4698,36,154.93,3
10275,S18_2581,35,70.12,9
10275,S18_2625,37,52.09,5
10275,S24_1578,21,105.94,2
10275,S24_1785,25,97.38,11
10275,S24_2000,30,61.7,6
10275,S24_3949,41,58,18
10275,S24_4278,27,67.38,10
10275,S32_1374,23,89.9,7
10275,S32_4289,28,58.47,12
10275,S50_1341,38,40.15,13
10275,S700_1691,32,85.86,14
10275,S700_2466,39,82.77,16
10275,S700_2834,48,102.04,8
10275,S700_3167,43,72,15
10275,S700_4002,31,59.96,17
10276,S12_1099,50,184.84,3
10276,S12_2823,43,150.62,14
10276,S12_3380,47,104.52,1
10276,S12_3990,38,67.83,4
10276,S18_3278,38,78,6
10276,S18_3482,30,139.64,5
10276,S18_3782,33,54.71,9
10276,S18_4721,48,120.53,8
10276,S24_2360,46,61.64,12
10276,S24_3371,20,58.17,2
10276,S24_4620,48,67.1,7
10276,S32_2206,27,35.4,10
10276,S32_4485,38,94.91,13
10276,S50_4713,21,67.53,11
10277,S12_4675,28,93.28,1
10278,S18_1129,34,114.65,6
10278,S18_1589,23,107.02,2
10278,S18_1889,29,73.15,10
10278,S18_1984,29,118.07,5
10278,S18_2870,39,117.48,3
10278,S18_3232,42,167.65,7
10278,S18_3685,31,114.44,4
10278,S24_1628,35,48.8,1
10278,S24_2972,31,37.38,8
10278,S24_3856,25,136.22,9
10279,S18_4933,26,68.42,1
10279,S24_1046,32,68.35,5
10279,S24_2766,49,76.33,3
10279,S24_2887,48,106.87,2
10279,S24_3191,33,78.76,4
10279,S24_3432,48,95.3,6
10280,S10_1949,34,205.73,2
10280,S18_1097,24,98,1
10280,S18_1342,50,87.33,9
10280,S18_1367,27,47.44,8
10280,S18_1749,26,161.5,16
10280,S18_2248,25,53.28,15
10280,S18_2325,37,109.33,13
10280,S18_2795,22,158.63,10
10280,S18_2949,46,82.06,3
10280,S18_2957,43,54.34,5
10280,S18_3136,29,102.63,4
10280,S18_3320,34,99.21,7
10280,S18_4409,35,77.31,17
10280,S24_1937,20,29.87,12
10280,S24_2022,45,36.29,11
10280,S24_3969,33,35.29,14
10280,S24_4258,21,79.86,6
10281,S10_4962,44,132.97,9
10281,S12_1666,25,127.1,13
10281,S12_4473,41,98.36,1
10281,S18_2319,48,114.14,4
10281,S18_2432,29,56.52,7
10281,S18_3232,25,135.47,5
10281,S18_4600,25,96.86,10
10281,S18_4668,44,42.76,14
10281,S24_2300,25,112.46,6
10281,S24_2840,20,33.95,2
10281,S32_1268,29,80.9,8
10281,S32_2509,31,44.91,3
10281,S32_3522,36,59.47,12
10281,S700_2824,27,89.01,11
10282,S12_1108,41,176.63,5
10282,S12_3148,27,142.02,6
10282,S12_3891,24,169.56,4
10282,S18_2238,23,147.36,13
10282,S18_3140,43,122.93,1
10282,S18_3259,36,88.74,3
10282,S18_4027,31,132.13,8
10282,S24_1444,29,49.71,11
10282,S24_4048,39,96.99,10
10282,S32_3207,36,51.58,9
10282,S50_1392,38,114.59,12
10282,S50_1514,37,56.24,7
10282,S700_1938,43,77.95,2
10283,S10_4757,25,130.56,6
10283,S18_3029,21,78.28,4
10283,S18_3856,46,100.58,3
10283,S18_4522,34,71.97,14
10283,S24_2011,42,99.54,13
10283,S24_3151,34,80.54,8
10283,S24_3816,33,77.15,5
10283,S700_1138,45,62,9
10283,S700_2047,20,74.23,2
10283,S700_2610,47,68.67,7
10283,S700_3505,22,88.15,10
10283,S700_3962,38,85.41,11
10283,S72_1253,43,41.22,1
10283,S72_3212,33,49.14,12
10284,S18_1662,45,137.19,11
10284,S18_2581,31,68.43,1
10284,S24_1785,22,101.76,3
10284,S24_2841,30,65.08,12
10284,S24_3420,39,59.83,13
10284,S24_3949,21,65.51,10
10284,S24_4278,21,66.65,2
10284,S32_4289,50,60.54,4
10284,S50_1341,33,35.78,5
10284,S700_1691,24,87.69,6
10284,S700_2466,45,95.73,8
10284,S700_3167,25,68,7
10284,S700_4002,32,73.29,9
10285,S10_1678,36,95.7,6
10285,S10_2016,47,110.61,9
10285,S10_4698,27,166.55,8
10285,S12_2823,49,131.04,5
10285,S18_2625,20,50.88,10
10285,S24_1578,34,91.29,7
10285,S24_2000,39,61.7,11
10285,S24_2360,38,64.41,3
10285,S32_1374,37,82.91,12
10285,S32_2206,37,36.61,1
10285,S32_4485,26,100.01,4
10285,S50_4713,39,76.48,2
10285,S700_2834,45,102.04,13
10286,S18_3782,38,51.6,1
10287,S12_1099,21,190.68,12
10287,S12_3380,45,117.44,10
10287,S12_3990,41,74.21,13
10287,S12_4675,23,107.1,9
10287,S18_1129,41,113.23,4
10287,S18_1889,44,61.6,8
10287,S18_1984,24,123.76,3
10287,S18_2870,44,114.84,1
10287,S18_3232,36,137.17,5
10287,S18_3278,43,68.35,15
10287,S18_3482,40,127.88,14
10287,S18_3685,27,139.87,2
10287,S18_4721,34,119.04,17
10287,S24_2972,36,31.34,6
10287,S24_3371,20,58.17,11
10287,S24_3856,36,137.62,7
10287,S24_4620,40,79.22,16
10288,S18_1589,20,120.71,14
10288,S18_1749,32,168.3,5
10288,S18_2248,28,50.25,4
10288,S18_2325,31,102.98,2
10288,S18_4409,35,90.19,6
10288,S18_4933,23,57.02,7
10288,S24_1046,36,66.88,11
10288,S24_1628,50,49.3,13
10288,S24_1937,29,32.19,1
10288,S24_2766,35,81.78,9
10288,S24_2887,48,109.22,8
10288,S24_3191,34,76.19,10
10288,S24_3432,41,101.73,12
10288,S24_3969,33,37.75,3
10289,S18_1342,38,92.47,2
10289,S18_1367,24,44.75,1
10289,S18_2795,43,141.75,3
10289,S24_2022,45,41.22,4
10290,S18_3320,26,80.36,2
10290,S24_4258,45,83.76,1
10291,S10_1949,37,210.01,11
10291,S10_4962,30,141.83,4
10291,S12_1666,41,123,8
10291,S18_1097,41,96.84,10
10291,S18_2432,26,52.26,2
10291,S18_2949,47,99.28,12
10291,S18_2957,37,56.21,14
10291,S18_3136,23,93.2,13
10291,S18_4600,48,96.86,5
10291,S18_4668,29,45.28,9
10291,S24_2300,48,109.9,1
10291,S32_1268,26,82.83,3
10291,S32_3522,32,53,7
10291,S700_2824,28,86.99,6
10292,S12_4473,21,94.8,8
10292,S18_2238,26,140.81,7
10292,S18_2319,41,103.09,11
10292,S18_3232,21,147.33,12
10292,S18_4027,44,114.9,2
10292,S24_1444,40,48.55,5
10292,S24_2840,39,34.3,9
10292,S24_4048,27,113.55,4
10292,S32_2509,50,54.11,10
10292,S32_3207,31,59.65,3
10292,S50_1392,41,113.44,6
10292,S50_1514,35,49.79,1
10293,S12_1108,46,187.02,8
10293,S12_3148,24,129.93,9
10293,S12_3891,45,171.29,7
10293,S18_3140,24,110.64,4
10293,S18_3259,22,91.76,6
10293,S18_4522,49,72.85,3
10293,S24_2011,21,111.83,2
10293,S700_1938,29,77.95,5
10293,S72_3212,32,51.32,1
10294,S700_3962,45,98.32,1
10295,S10_4757,24,136,1
10295,S24_3151,46,84.08,3
10295,S700_1138,26,62,4
10295,S700_2610,44,71.56,2
10295,S700_3505,34,93.16,5
10296,S18_1662,36,146.65,7
10296,S18_3029,21,69.68,13
10296,S18_3856,22,105.87,12
10296,S24_2841,21,60.97,8
10296,S24_3420,31,63.78,9
10296,S24_3816,22,83.02,14
10296,S24_3949,32,63.46,6
10296,S50_1341,26,41.02,1
10296,S700_1691,42,75.81,2
10296,S700_2047,34,89.61,11
10296,S700_2466,24,96.73,4
10296,S700_3167,22,74.4,3
10296,S700_4002,47,61.44,5
10296,S72_1253,21,46.68,10
10297,S18_2581,25,81.95,4
10297,S24_1785,32,107.23,6
10297,S24_2000,32,70.08,1
10297,S24_4278,23,71.73,5
10297,S32_1374,26,88.9,2
10297,S32_4289,28,63.29,7
10297,S700_2834,35,111.53,3
10298,S10_2016,39,105.86,1
10298,S18_2625,32,60.57,2
10299,S10_1678,23,76.56,9
10299,S10_4698,29,164.61,11
10299,S12_2823,24,123.51,8
10299,S18_3782,39,62.17,3
10299,S18_4721,49,119.04,2
10299,S24_1578,47,107.07,10
10299,S24_2360,33,58.87,6
10299,S24_4620,32,66.29,1
10299,S32_2206,24,36.21,4
10299,S32_4485,38,84.7,7
10299,S50_4713,44,77.29,5
10300,S12_1099,33,184.84,5
10300,S12_3380,29,116.27,3
10300,S12_3990,22,76.61,6
10300,S12_4675,23,95.58,2
10300,S18_1889,41,63.14,1
10300,S18_3278,49,65.94,8
10300,S18_3482,23,144.05,7
10300,S24_3371,31,52.05,4
10301,S18_1129,37,114.65,8
10301,S18_1589,32,118.22,4
10301,S18_1984,47,119.49,7
10301,S18_2870,22,113.52,5
10301,S18_3232,23,135.47,9
10301,S18_3685,39,137.04,6
10301,S24_1046,27,64.67,1
10301,S24_1628,22,40.75,3
10301,S24_2972,48,32.1,10
10301,S24_3432,22,86.73,2
10301,S24_3856,50,122.17,11
10302,S18_1749,43,166.6,1
10302,S18_4409,38,82.83,2
10302,S18_4933,23,70.56,3
10302,S24_2766,49,75.42,5
10302,S24_2887,45,104.52,4
10302,S24_3191,48,74.48,6
10303,S18_2248,46,56.91,2
10303,S24_3969,24,35.7,1
10304,S10_1949,47,201.44,6
10304,S12_1666,39,117.54,3
10304,S18_1097,46,106.17,5
10304,S18_1342,37,95.55,13
10304,S18_1367,37,46.9,12
10304,S18_2325,24,102.98,17
10304,S18_2795,20,141.75,14
10304,S18_2949,46,98.27,7
10304,S18_2957,24,54.34,9
10304,S18_3136,26,90.06,8
10304,S18_3320,38,95.24,11
10304,S18_4668,34,44.27,4
10304,S24_1937,23,29.21,16
10304,S24_2022,44,42.11,15
10304,S24_4258,33,80.83,10
10304,S32_3522,36,52.36,2
10304,S700_2824,40,80.92,1
10305,S10_4962,38,130.01,13
10305,S12_4473,38,107.84,5
10305,S18_2238,27,132.62,4
10305,S18_2319,36,117.82,8
10305,S18_2432,41,58.95,11
10305,S18_3232,37,160.87,9
10305,S18_4600,22,112.6,14
10305,S24_1444,45,48.55,2
10305,S24_2300,24,107.34,10
10305,S24_2840,48,30.76,6
10305,S24_4048,36,118.28,1
10305,S32_1268,28,94.38,12
10305,S32_2509,40,48.7,7
10305,S50_1392,42,109.96,3
10306,S12_1108,31,182.86,13
10306,S12_3148,34,145.04,14
10306,S12_3891,20,145.34,12
10306,S18_3140,32,114.74,9
10306,S18_3259,40,83.7,11
10306,S18_4027,23,126.39,16
10306,S18_4522,39,85.14,8
10306,S24_2011,29,109.37,7
10306,S24_3151,31,76.12,2
10306,S32_3207,46,60.28,17
10306,S50_1514,34,51.55,15
10306,S700_1138,50,61.34,3
10306,S700_1938,38,73.62,10
10306,S700_2610,43,62.16,1
10306,S700_3505,32,99.17,4
10306,S700_3962,30,87.39,5
10306,S72_3212,35,48.05,6
10307,S10_4757,22,118.32,9
10307,S18_1662,39,135.61,1
10307,S18_3029,31,71.4,7
10307,S18_3856,48,92.11,6
10307,S24_2841,25,58.23,2
10307,S24_3420,22,64.44,3
10307,S24_3816,22,75.47,8
10307,S700_2047,34,81.47,5
10307,S72_1253,34,44.2,4
10308,S10_2016,34,115.37,2
10308,S10_4698,20,187.85,1
10308,S18_2581,27,81.95,7
10308,S18_2625,34,48.46,3
10308,S24_1785,31,99.57,9
10308,S24_2000,47,68.55,4
10308,S24_3949,43,58,16
10308,S24_4278,44,71.73,8
10308,S32_1374,24,99.89,5
10308,S32_4289,46,61.22,10
10308,S50_1341,47,37.09,11
10308,S700_1691,21,73.07,12
10308,S700_2466,35,88.75,14
10308,S700_2834,31,100.85,6
10308,S700_3167,21,79.2,13
10308,S700_4002,39,62.93,15
10309,S10_1678,41,94.74,5
10309,S12_2823,26,144.6,4
10309,S24_1578,21,96.92,6
10309,S24_2360,24,59.56,2
10309,S32_4485,50,93.89,3
10309,S50_4713,28,74.04,1
10310,S12_1099,33,165.38,10
10310,S12_3380,24,105.7,8
10310,S12_3990,49,77.41,11
10310,S12_4675,25,101.34,7
10310,S18_1129,37,128.8,2
10310,S18_1889,20,66.99,6
10310,S18_1984,24,129.45,1
10310,S18_3232,48,159.18,3
10310,S18_3278,27,70.76,13
10310,S18_3482,49,122,12
10310,S18_3782,42,59.06,16
10310,S18_4721,40,133.92,15
10310,S24_2972,33,33.23,4
10310,S24_3371,38,50.21,9
10310,S24_3856,45,139.03,5
10310,S24_4620,49,75.18,14
10310,S32_2206,36,38.62,17
10311,S18_1589,29,124.44,9
10311,S18_2870,43,114.84,10
10311,S18_3685,32,134.22,11
10311,S18_4409,41,92.03,1
10311,S18_4933,25,66.99,2
10311,S24_1046,26,70.55,6
10311,S24_1628,45,48.8,8
10311,S24_2766,28,89.05,4
10311,S24_2887,43,116.27,3
10311,S24_3191,25,85.61,5
10311,S24_3432,46,91.02,7
10312,S10_1949,48,214.3,3
10312,S18_1097,32,101.5,2
10312,S18_1342,43,102.74,10
10312,S18_1367,25,43.67,9
10312,S18_1749,48,146.2,17
10312,S18_2248,30,48.43,16
10312,S18_2325,31,111.87,14
10312,S18_2795,25,150.19,11
10312,S18_2949,37,91.18,4
10312,S18_2957,35,54.34,6
10312,S18_3136,38,93.2,5
10312,S18_3320,33,84.33,8
10312,S18_4668,39,44.27,1
10312,S24_1937,39,27.88,13
10312,S24_2022,23,43.46,12
10312,S24_3969,31,40.21,15
10312,S24_4258,44,96.42,7
10313,S10_4962,40,141.83,7
10313,S12_1666,21,131.2,11
